<?xml version='1.0' encoding='ascii'?>
<snippetcollection source="klimaukenOBT.xml">
    <snippet id="2009-12-07-aa-01" source="http://www.adressa.no/nyheter/trondheim/article1419658.ece" tags="Innenriks-ulykker-trafikk-utforkj&#248;ring-trondheim">
        <ArticleText>
            <snip> bil havne hel kant Nedre Elvehavn mandag ettermiddag</snip><snip> bil tom</snip><snip> If&#248;lge politi S&#248;r-Tr&#248;ndealg skulle bil tom komme sted</snip><snip> menneske bil politi komme</snip><snip> brannvesen sikre bil Falck rekvirere berging fortelle Curt Ivar R&#248;hmen operasjonsleder S&#248;r-Tr&#248;ndelag politidistrikt</snip><snip> st&#229; fri</snip><snip> If&#248;lge Tr&#248;ndelag redningstjeneste skulle bil begynne rulle h&#229;nd</snip><snip> forst&#229; bil st&#229; fri begynne trille stoppe kant</snip><snip> sikre bil Falck berge fortelle Trond Reitan vaktleder 110-sentral</snip><snip> bileier dukke</snip><snip> bare telefon bil vei elv si Tore Lagesen</snip><snip> Han parkere meter kaikant overbevise bil st&#229; h&#229;ndbrekk</snip><snip> n&#229; skulle bare sette godstol slappe si bileier hvilepuls</snip>
        </ArticleText>
        <FrontPageHeading>
            <snip> telefon bil tur elv</snip>
        </FrontPageHeading>
        <ArticleHeading>
            <snip> Biltur hel kant</snip>
        </ArticleHeading>
        <ArticleIntroduction>
            <snip> bil havne bokstavelig tale hel kant Nedre Elvehavn mandag ettermiddag</snip>
        </ArticleIntroduction>
        <ArticleByline>
            <snip> Tore Lagesen helle bil nesten ende vann Nedre Elvehavn</snip>
        </ArticleByline>
        <FrontPageIntroduction>
            <snip> En bileier Trondheim flaks side bil ta tur h&#229;nd mandag ettermiddag</snip><snip> le mye</snip>
        </FrontPageIntroduction>
    </snippet>
    <snippet id="2009-12-17-aa-01" source="http://www.adressa.no/nyheter/sortrondelag/article1423099.ece" tags="Innenriks-ulykker-trafikk-kollisjon-orkdal">
        <ArticleText>
            <snip> politi melding ulykke riksvei K&#229;rmo Svorkmo Orkanger klokke 18.25 torsdag kveld</snip><snip> sykehus luftambulanse</snip><snip> mann hjemh&#248;re Meldal alene bil da frontkollidere</snip><snip> gammel mann sitte fastklemt bilvrak kollisjon</snip><snip> redningsmannskap frigi mann fly St. Olav Hospital luftambulanse</snip><snip> tilstand lenge beskrive livstruende like klokke torsdag kveld sykehus melde lenge fare liv</snip><snip> skadeomfang n&#229; beskrive alvorlig</snip><snip> voldsom sammenst&#248;t</snip><snip> Den bilf&#248;rer gammel mann skulle ogs&#229; alvorlig skade grad 18-&#229;ring</snip><snip> 36-&#229;ringen bevissthet kj&#248;re Orkdal sjukehus ambulanse</snip><snip> skade bil tyde voldsom sammenst&#248;t</snip><snip> havne side vei kollisjon</snip><snip> bil avrevet venstre fremhjul kollisjon stor materiell skade</snip><snip> operasjonsleder Steindal si politi forel&#248;pig oversikt hendelsesforl&#248;p bil h&#248;yst sannsynlig frontkollidert</snip><snip> lang k&#248;</snip><snip> Veien stenge stund ulykke oppst&#229; lang k&#248; sted</snip><snip> minusgrad spesiell glatt sted ulykke</snip><snip> Ulykkesgruppen Statens Vegvesen rykke foreta unders&#248;kelse torsdag kveld</snip><snip> Steindal opplyse ogs&#229; tekniker politi sende sted</snip>
        </ArticleText>
        <FrontPageHeading>
            <snip> To bil vei mann alvorlig skade</snip>
        </FrontPageHeading>
        <ArticleHeading>
            <snip> Alvorlig skade frontkrasj</snip>
        </ArticleHeading>
        <ArticleIntroduction>
            <snip> tilstand 18-&#229;ring livstruende skade trafikkulykke riksvei Orkdal n&#229; stabilisere</snip><snip> 18-&#229;ring bilf&#248;rer alvorlig skade</snip>
        </ArticleIntroduction>
        <ArticleByline>
            <snip> To person alvorlig skade trafikkulykke RV65 Orkanger Svorkmo</snip>
        </ArticleByline>
        <FrontPageIntroduction>
            <snip> &#201;n mann skulle meget alvorlig skade trafikkulykke riksvei Svorkmo Orkanger</snip><snip> le mye</snip>
        </FrontPageIntroduction>
    </snippet>
    <snippet id="2009-12-15-ap-01" source="http://www.aftenposten.no/nyheter/oslo/article3424942.ece" tags="Innenriks-sosialesp&#248;rsm&#229;l-innvandring-utflytting-oslo">
        <ArticleText>
            <snip> ganske tydelig mange etnisk norsk veldig skeptisk innvandrer si Aynur Isciel</snip><snip> 49-&#229;ringen tyrkisk bakgrunn bo flerkulturell nabolag Bogerud Oslo</snip><snip> par siden flytte gammel dame komme mange innvandrer</snip><snip> bo nabolag</snip><snip> Isciel nabo alene</snip><snip> bare etnisk nordmann Groruddalen</snip><snip> samtidig &#248;ke ikke-vestlig innvandrerbefolkning</snip><snip> skje s&#248;ndre bydel</snip><snip> S&#248;ndre Nordstrand alene etnisk nordmann skifte omtrent antall innvandrer</snip><snip> nesten halvpart befolkning bydel n&#229; innvandrerbakgrunn</snip><snip> &#248;ke innvandringsskepsis</snip><snip> Knut Nicolaissen leder Groruddalen milj&#248;forening mark tydelig befolkning endre</snip><snip> bo Stigenga siden h&#248;re stadig folk flytte</snip><snip> s&#230;rlig bo blokk mark innvandring kropp mene Nicolaissen</snip><snip> masse liten ting sann unge sen kveld vedvare sterk matlukt generell br&#229;k</snip><snip> nabokonflikt gjerne etnisk norsk dra si Nicolaissen tro utvikling bare ville fortsette</snip><snip> s&#230;rlig fraflytting skyte fart</snip><snip> forlate Groruddalen Oslo sist forsvinne omtrent halvpart</snip><snip> Groruddalen n&#229; etnisk nordmann</snip><snip> siden</snip><snip> Tore Sl&#248;rdal lede Stovner vel mene fraflytting resultat innvandrer flytte</snip><snip> se del innvandrer kjenne kode hvordan forholde nabo vedlikeholde hus hage</snip><snip> bidra &#248;ke skepsis nordmann</snip><snip> lite frivillighet</snip><snip> Han p&#229;peke ogs&#229; kalle samholdsf&#248;lelse forandre omr&#229;de etnisk nordmann komme mindretall</snip><snip> merke tydelig velforening Stovner</snip><snip> styr innvandrerbakgrunn</snip><snip> grad innvandrer melde leie velhus billig</snip><snip> jevn veldig vanskelig innvandrer engasjere</snip><snip> frivillig organisasjon slite si Sl&#248;rdal</snip><snip> komme</snip><snip> rapport flyttem&#248;nster Groruddalen finne Norsk institutt regionforskning NIBR etnisk norsk ungdom gjerne flytte mye sentral del Oslo noensinne komme</snip><snip> innvandrer flytte lang stor grad Groruddalen n&#229; stifte familie</snip><snip> s&#229; rar heller flytte gjerne dyr omr&#229;de r&#229;d</snip><snip> bo forel&#248;pig innvandrer si forsker Kjetil S&#248;rlie</snip><snip> Paris-tilstander</snip><snip> Det ogs&#229; stor forskjell innvandrerandel lokalmilj&#248; lokalmilj&#248;</snip><snip> enkelt skole S&#248;ndre Nordstrand prosent elev etnisk norsk</snip><snip> aldri bo si innvandrerkvinne Aften treffe kj&#248;pesenter Mortensrud</snip><snip> foretrekke anonym</snip><snip> flytte Hasle Nordstrand begynne s&#229; mange utlending</snip><snip> skape problem bare se forstade Paris</snip><snip> komme s&#229;nn ogs&#229;</snip><snip> tanke barneoppdragelse integrering ville barn skulle g&#229; skole bare innvandrer si</snip><snip> kjent</snip><snip> Terje Wessel professor samfunnsgeografi Universitetet Oslo enig problem knytte s&#229; sterk konsentrasjon innvandrer</snip><snip> Majoritetsbefolkningen Groruddalen bekymre nok hvordan fellesskap skulle fungere innvandrerbefolkning &#248;ke s&#229; rask</snip><snip> motsetning indre &#248;se finnes arena befolkning m&#248;tes kjenne dal si Wessel</snip><snip> finnes ghetto Oslo</snip><snip> begrep s&#229; negativ lade ville bruke forhold Oslo Paris si Wessel</snip><snip> n&#229; gang omfattende forskningsprosjekt skulle se slags konsekvens segregering</snip><snip> forel&#248;pig vite for lite si Wessel</snip><snip> hvorfor flytte innvandrer nordmann</snip><snip> Mohammad Siddique Akram Stovner</snip><snip> tro nok innvandring &#229;rsak nordmann flytte</snip><snip> veldig mange innvandrer snakke d&#229;rlig norsk enkelt omr&#229;de mange hjemmev&#230;rende d&#229;rlig integrere</snip><snip> tro jobb n&#248;kkel norsk venn jobb BI-studium</snip><snip> trives god bosatt familie bo Stovner Ammerud</snip><snip> Linda Jakola Stovner</snip><snip> kj&#230;rlighet brake siden</snip><snip> trives h&#248;re folk flytte da grunn innvandrer</snip><snip> klar overvekt utenlandsk barn skole kulturell forskjell gj&#248; vanskelig komme overens s&#229; flytte</snip><snip> forst&#229; viss grad synes trist da jo innvandrerandel enda h&#248;y</snip><snip> s&#229; h&#248;y konsentrasjon enkelt stad uheldig mangfold tro</snip><snip> Randi Bj&#248;rseth Prinsdal</snip><snip> bo Prinsdal gate fremdeles ganske hvitt</snip><snip> innvandrerfamilie oppf&#248;re fin</snip><snip> se mye tydelig komme Holmlia Hauketo tro flytte kanskje kjenne fin sted bo for dyr</snip><snip> problem mene ville sette pris komme for mange gate</snip><snip> kulturforskjell jo innvandrerfamilie mange barn viss alder lyst mange unge flyende trapp br&#229;ke</snip><snip> Manuela Andresen Hauketo</snip><snip> tro folk flytte mangel barnehageplass skoleplass n&#230;rmilj&#248;</snip><snip> jobbe barnehage vite lang k&#248; plass</snip><snip> kjenne flytte mange innvandrer</snip><snip> leie leilighet tank kj&#248;pe sted</snip><snip> da gj&#248; n&#230;rmilj&#248; trives god</snip>
        </ArticleText>
        <FrontPageHeading>
            <snip> Nordmenn innvandrer</snip>
        </FrontPageHeading>
        <ArticleHeading>
            <snip> Ola Kari flytte innvandrer</snip>
        </ArticleHeading>
        <ArticleIntroduction>
            <snip> Men innvandrer str&#248;mme Groruddalen Oslo flytte etnisk nordmann</snip>
        </ArticleIntroduction>
        <ArticleByline>
            <snip> Aynur Isciel Turid Lagerl&#248;v bor Oslo s&#248;ndre bydel</snip><snip> Isciel se ofte etnisk nordmann mistenksom innvandrer</snip><snip> se bare hvordan se forholde innvandrer mene</snip><snip> foto JON-ARE BERG-JACOBSEN</snip>
        </ArticleByline>
        <FrontPageIntroduction>
            <snip> Ola Kari flytte innvandrer</snip><snip> mange bydel innvandrerandel prosent</snip><snip> le sake</snip>
        </FrontPageIntroduction>
    </snippet>
    <snippet id="2009-12-13-bt-01" source="http://www.bt.no/nyheter/lokalt/Her-er-en-bilist-som-bruker-hodet-983378.html" tags="Innenriks-kultur-kuriosa-dukkemann-bergen">
        <ArticleText>
            <snip> sj&#229;vinistisk mann perfekt passasje</snip><snip> mase aldri kj&#248;ring skru aldri musikk sette</snip><snip> s&#230;rlig selskap imidlertid kvinne bo bil mann &#197;sane</snip><snip> best&#229; bare dukkehode plante stake passasjersete</snip><snip> leser oppdage parkeringsplass Bergen lufthavn Flesland nylig</snip><snip> m&#229;tte innr&#248;mme skvette litt parkere se dame skrive e-post</snip><snip> skj&#248;nne se bilde</snip><snip> tak eier kvinne teori hvorfor plassere bil</snip><snip> vei flyplass s&#229;kalt flerbruksfelt kun bruke buss taxi bilist liten passasje</snip><snip> &#197;sane-mannen formodentlig &#248;nske bruke felt selv alene bil</snip><snip> politi la lur vite</snip><snip> bonus passe taus kvinne mann bil fly sitte klar bil ta komme</snip>
        </ArticleText>
        <FrontPageHeading>
            <snip> Snakk bruke hode</snip>
        </FrontPageHeading>
        <ArticleHeading>
            <snip> bilist bruke hode</snip>
        </ArticleHeading>
        <ArticleIntroduction>
            <snip> Hvordan kj&#248;re kollektivfelt bot</snip><snip> eier bil finne l&#248;sning</snip>
        </ArticleIntroduction>
        <ArticleByline />
        <FrontPageIntroduction>
            <snip> hvordan kj&#248;re kollektivfelt bot</snip><snip> l&#248;sning</snip>
        </FrontPageIntroduction>
    </snippet>
    <snippet id="2009-12-11-da-01" source="http://www.dagsavisen.no/utenriks/article458010.ece" tags="Utenriks-politikk-asyl-tvangsretur-irak">
        <ArticleText>
            <snip> Norge sammen Storbritannia Danmark Nederland Sverige sende rekke asyls&#248;ker Irak mange Bagdad</snip><snip> natt s&#248;ndag irakisk mann lovlig opphold sende Bagdad hemmelig politiaksjon</snip><snip> norsk myndighet varsle praksis ville f&#248;lge mye effektiv tid komme</snip><snip> trygg mene FN h&#248;ykommiss&#230;r flyktning UNHCR</snip><snip> for farlig returnere folk Irak tvang si talsmann Andrej Mahecic</snip><snip> burde unng&#229;</snip><snip> Dette f&#248;rste gang UNHCR advare tilbakesending asyls&#248;ker Irak</snip><snip> april ogs&#229; anbefale tvangsreturner asyls&#248;ker land</snip><snip> Mahecic vise bombeangrep Bagdad tirsdag liten person miste liv mange s&#229;re</snip><snip> fredag person drepe forskjellig angrep irakisk hovedstad</snip><snip> myndighet bestrebelse sikkerhetssituasjon prek&#230;r si Mahecic</snip><snip> land burde unng&#229; tvangssende iraker sentral del land legge</snip><snip> utrygg provins</snip><snip> provins regne utrygg Bagdad Nineveh Salahuddin Diyala Kirkuk</snip><snip> asyls&#248;ker nordlig provins vestlig Anbar-provins anbefale FN vurdere enkel sak individuell</snip><snip> iraker opphold vestlig land siden oktober</snip><snip> naboland Jordan Syria befinne sammen liten million iraker</snip><snip> NTB</snip>
        </ArticleText>
        <FrontPageHeading>
            <snip> Advarer Irak-retur</snip>
        </FrontPageHeading>
        <ArticleHeading>
            <snip> FN advare nok gang Irak-retur</snip>
        </ArticleHeading>
        <ArticleIntroduction>
            <snip> F&#229; dag Norge tvangsreturnere person Irak sl&#229; FN igjen fast trygg sende asyls&#248;ker del land</snip>
        </ArticleIntroduction>
        <ArticleByline>
            <snip> irakisk mann lovlig opphold sist helg sende Norge Bagdad hemmelig politiaksjon</snip><snip> dag advare FN h&#248;ykommiss&#230;r flyktning UNHCR trygg sende asyls&#248;ker del Irak</snip><snip> foto Roar Hanssen Politiets utlendingsenhet</snip>
        </ArticleByline>
        <FrontPageIntroduction>
            <snip> F&#229; dag Norge tvangsreturnere person Irak sl&#229; FN igjen fast trygg sende asyls&#248;ker</snip>
        </FrontPageIntroduction>
    </snippet>
    <snippet id="2009-12-09-db-01" source="http://www.dagbladet.no/2009/12/09/nyheter/innenriks/obama/gaver/9428757" tags="Innenriks-kultur-fredspris-kuriosa-oslo">
        <ArticleText>
            <snip> Dagbladet.no morgen skulle norsk-amerikansk Mary Menth Andersen fredsprisutdeling</snip><snip> billett Fredsprisinstituttet h&#248;re historie f&#248;rste gang m&#248;te Barack Obama siden</snip><snip> selbuvott lage hel familie Obama &#248;nske gi takk hjelpe skulle flytte Norge r&#229;d billett</snip><snip> h&#229;p skulle anledning overlevere selbuvott personlig amerikansk president gjeste Oslo</snip><snip> se la gj&#248;re</snip><snip> ambassade be levere vott s&#229; skulle overlevere Obama si skuffe Mary Dagbladet</snip><snip> Gaveansvarlig amerikansk ambassade Oslo Ulrika Ingvarson ta vott</snip><snip> forklare f&#248;rst m&#229;tte gjennomlyse pakke</snip><snip> m&#229;tte pakke fin etterp&#229;</snip><snip> gj&#248; s&#229;nn se vott</snip><snip> nok fin gullpapir si Mary ambassadeansatt dra medbringe innpakkingspapir</snip><snip> Obama-gaverUlrike Ingvarson bekrefte Mary ville gj&#248;re stas Obama gi gave</snip><snip> gave</snip><snip> kl&#230;r norsk design kunst smykke bok si Ingvarson</snip><snip> skulle overlevere gave vedkommende gaveansvarlig Barack Obama</snip><snip> skulle m&#248;te mann Grand Hotell</snip><snip> skulle overlevere pakke Obama si Ingvarson</snip><snip> vinke selbuvott</snip><snip> Mary Menth Andersen h&#229;pe Obama komme veldig glad vott</snip><snip> skulle par hvit sort</snip><snip> Akkruat si Mary</snip><snip> h&#229;pe Barack ta selbuvott skulle vinke publikum balkong Grand hotell dag innklede skuddsikker glass</snip><snip> Gaveansvarlgi Ulrika Ingvarson love skulle videreformidle budskap</snip><snip> skulle pr&#248;ve ta vott si Ingvarson Dagbladet</snip>
        </ArticleText>
        <FrontPageHeading>
            <snip> skuffe Mary m&#229;tte levere Obama-vott</snip>
        </FrontPageHeading>
        <ArticleHeading>
            <snip> m&#229;tte levere Obama-vott</snip>
        </ArticleHeading>
        <ArticleIntroduction>
            <snip> Mary Menth Andersen h&#229;pe skulle overlevere selbuvott Barack Obama personlig</snip><snip> dag m&#229;tte levere ambassade</snip>
        </ArticleIntroduction>
        <ArticleByline>
            <snip> en dr&#248;m</snip><snip> ville s&#229; gjerne levere selbuvott direkte Obama</snip><snip> dr&#248;m</snip><snip> derfor trist m&#229;tte levere amerikansk ambassade si Mary Menth Andersen venstre</snip><snip> sammen gaveansvarlig ambassade Ulrika Ingvarson</snip><snip> hel familie</snip><snip> Mary sirlig skreve navn vott medlem Obama-familie</snip><snip> Barack svart hvit vott jo si Mary</snip><snip> pakke</snip><snip> vise Mary ambassadeansatt hvordan ville skulle pakke selbuvott ambassade sikkerhetssjekk</snip><snip> spre glede</snip><snip> s&#229; glad h&#229;pe Mary Menth Andersen Obama familie selbuvott</snip><snip> brev</snip><snip> Mary ogs&#229; skreve brev hel familie Obama</snip><snip> takke hjelp gang siden &#248;nske god jul</snip>
        </ArticleByline>
        <FrontPageIntroduction>
            <snip> Ble nekte levere selbuvott Barack Obama personlig</snip>
        </FrontPageIntroduction>
    </snippet>
    <snippet id="2009-12-07-fv-01" source="http://www.fvn.no/lokalt/kristiansand/article724316.ece" tags="Innenriks-sosialesp&#248;rsm&#229;l-eksamen-sn&#248;kaos-kristiansand">
        <ArticleText>
            <snip> Kristiansand</snip><snip> F&#230;drelandsvennen papirutgave brake dag sake Connie M.</snip><snip> Askildsen Mandal student komme minutt for sen eksamen grunn sn&#248;kaos torsdag</snip><snip> beskjed m&#229;tte vente v&#229;r ny eksamen fryktelig sint skuffe si Askildsen avis</snip><snip> g&#229;</snip><snip> Connie Askildsen foto JON ande skau</snip><snip> Det glad budskap</snip><snip> P&#229; m&#248;te skoleledelse eksamenskontor dag bestemme student rekke eksamen tilbud ny eksamen rett nytt&#229;r</snip><snip> nettopp studentweb lesse</snip><snip> veldig bra si Askildsen mandag kveld</snip><snip> f&#248;rst litt ville jo ta jul samle tank finne egentlig veldig grei</snip><snip> n&#229; ta juleferie sammen samtidig henge hel sommer si forn&#248;yd Askildsen</snip><snip> d&#229;rlig h&#229;ndtere</snip><snip> Erik Tesaker bor Kvinesdal</snip><snip> torsdag morgen st&#229; bom fast bilk&#248; S&#248;gne</snip><snip> selv ringe universitet varsle forsinkelse ta eksamen kristendom etikk</snip><snip> klokke 09.40 ankomme skole minutt for sen</snip><snip> vakt ville ta eksamenslokal eksamenskontor nekte si Tesaker</snip><snip> synes universitet n&#229; gi mulighet ta ny eksamen nytt&#229;r</snip><snip> skulle bare mangle</snip><snip> hel utgangspunkt d&#229;rlig h&#229;ndtere eksamenskontor mene Tesaker</snip><snip> fravike reglement</snip><snip> g&#229; sake eksamenskontor viserektor utdanning beslutte arrangere eksamen ny&#229;r si universitetsdirekt&#248;r Tor A.</snip><snip> Aagedal Universitetet Agder</snip><snip> Eksamensreglementet tillate student ankomme eksamenslokal mye halvtime eksamen starte</snip><snip> student komme klokke 9.30 morgen</snip><snip> ofte sake hvor student ulik grunne g&#229; eksamen sake spesiell handle trafikksituasjon hvor minutt for sen si Aagedal</snip><snip> universitet Agder forel&#248;pig oversikt student ber&#248;re</snip><snip> kontakte skole e-post</snip>
        </ArticleText>
        <FrontPageHeading>
            <snip> Studenter ny eksamen nytt&#229;r</snip>
        </FrontPageHeading>
        <ArticleHeading>
            <snip> ta eksamen igjen</snip>
        </ArticleHeading>
        <ArticleIntroduction>
            <snip> student rekke eksamen Universitetet Agder grunn sn&#248;kaos torsdag ta eksamen ny</snip><snip> bestemme dag</snip>
        </ArticleIntroduction>
        <ArticleByline>
            <snip> forn&#248;ye</snip><snip> Connie Mydland Askildsen forn&#248;ye ny eksamen nytt&#229;r</snip><snip> foto Jon Anders Skau</snip>
        </ArticleByline>
        <FrontPageIntroduction>
            <snip> Ti student rekke eksamen Universitetet Agder grunn sn&#248;kaos torsdag ta eksamen ny</snip><snip> bestemme dag</snip>
        </FrontPageIntroduction>
    </snippet>
    <snippet id="2009-12-17-fv-01" source="http://www.fvn.no/lokalt/aust_agder/article727010.ece" tags="Innenriks-ulykker-trafikk-kollisjon-grimstad">
        <ArticleText>
            <snip> bil st&#229; autovern kollisjon</snip><snip> foto Morten Boswarva</snip><snip> GRIMSTAD</snip><snip> snakk m&#248;teulykke bil involvere si operasjonsleder B&#229;rd Austad Agder politidistrikt</snip><snip> ulykke skje avkj&#248;rsel Bie Grimstad Bietunnelen E</snip><snip> politi melding ulykke klokke 19.26</snip><snip> involvere mann tredve&#229;r alvorlig skade fly Ullev&#229;l sykehus</snip><snip> bil Mercedes sitte familie voksen tre liten barn</snip><snip> skulle kj&#248;re legevakt alvorlig skade politi</snip><snip> bil Volkswagen Golf stasjonsvogn</snip><snip> bil befinne mann sitte fastklemt ulykke</snip><snip> bil st&#229; delvis autovern sammenst&#248;t</snip><snip> alvorlig stabil</snip><snip> skade mann tredve&#229;r beslutte sende Ullev&#229;l sykehus luftambulanse si vakthavende kirurg sykehus Arendal</snip><snip> vedkommende bruddskade ben tilstand betegne alvorlig stabil</snip><snip> person behandling innlegge observasjon alvorlig skade snakk &#248;yeskade si vakthavende kirurg</snip><snip> politi brannmannskap ambulansepersonell ankomme ulykkessted rask</snip><snip> total ambulanse luftambulanse sted</snip><snip> politienhet sted si operasjonsleder Austad</snip><snip> trafikk E stenge umiddelbar omkj&#248;ring Grimstad sentrum bil retning</snip><snip> l&#248;p kveld vei &#229;pne igjen nedsette fartsgrense sted</snip><snip> n&#229; kriminaltekniker lokal ulykkeskommisjon Statens Vegvesen sted forklare operasjonsleder</snip><snip> &#229;rsak ulykke forel&#248;pig for tidlig konkludere</snip>
        </ArticleText>
        <FrontPageHeading>
            <snip> Front front Bietunnelen</snip>
        </FrontPageHeading>
        <ArticleHeading>
            <snip> Alvorlig skade m&#248;teulykke</snip>
        </ArticleHeading>
        <ArticleIntroduction>
            <snip> To bil kollidere front front E Bie Grimstad</snip>
        </ArticleIntroduction>
        <ArticleByline>
            <snip> frontkollisjon</snip><snip> avkj&#248;rsel Grimstad Biesletta skje frontkollisjon 19.30-tid torsdag kveld</snip><snip> foto Truls Rosenlund</snip>
        </ArticleByline>
        <FrontPageIntroduction>
            <snip> Flere person fastklemt</snip>
        </FrontPageIntroduction>
    </snippet>
    <snippet id="2009-12-15-nl-01" source="http://www.nordlys.no/nyheter/article4762063.ece" tags="Innenriks-kultur-mandela-konsert-troms&#248;">
        <ArticleText>
            <snip> initiativtaker Mandela Day Troms&#248; foresl&#229; flytte gigantkonsert beholde rest arrangement Troms&#248;</snip><snip> vende formannskap Troms&#248; kommune tommel gigantarrangement Mandela Day Troms&#248;</snip><snip> skje knapp mulig margin stemme</snip><snip> le ogs&#229;</snip><snip> si nei Mandela-fest</snip><snip> borgerlig parti R&#248;dt stemme r&#248;dgr&#248;nne stemme</snip><snip> mange stemme uttrykke bekymring stor konsert avrunde dag lang Mandela-arrangement skulle komme vei kulturarrangement</snip><snip> Buktafestivalen avslutte dag Mandela-konsert skulle finne sted Nelson Mandela bursdag 18. juli</snip><snip> foresl&#229; Oslo</snip><snip> N&#229; foresl&#229; initiativtaker flytte konsert norsk by fortsatt legge Troms&#248; vertsby arrangement</snip><snip> le ogs&#229;</snip><snip> Troms&#248; ville Mandela-vertsby</snip><snip> Konserten bare del viktig arrangement</snip><snip> skulle masse arrangement vertsby uke konsert</snip><snip> viktig Troms&#248; fortsette god arbeide gj&#248;re forhiv/aids-sake ville flott anledning si initiativtaker Jan-Erik Guffen Severinsen</snip><snip> Vi registrere folk Troms&#248; redd kollisjon Buktafestivalen</snip><snip> hjelpe foresl&#229; flytte konsert by Norge</snip><snip> Mandela Dayskal jo inkludere hel land vertsby si Severinsen understreke utspill komme initiativtaker kommune arbeidsgruppe</snip><snip> Hvilken by se skulle arrangere konsert</snip><snip> Oslo ville kanskje naturlig befolkningsgrunnlag</snip><snip> Bod&#248; vel ogs&#229; arrangement</snip><snip> viktig hvor</snip><snip> ledelse Buktafestivalen Riddu Riddu uttrykke bekymring Mandela-konsert ville &#248;delegge arrangement</snip><snip> Buktasjef Robert Dyrnes svare slik forslag flytte konsert Troms&#248;</snip><snip> Vi si kjempebekymre konsert dag Buktafestivalen</snip><snip> ville kommentere sake medium</snip><snip> Gi helle penge</snip><snip> R&#248;dt gruppeleder Jens Ingvald Olsen tunge vektsk&#229;l votering formannskap</snip><snip> kj&#248;pe ide Severinsen initiativtaker</snip><snip> Dette gigaarrangement maskin m&#248;te liten stor idrettslag kulturarrangement kamp sponsormidler st&#248;tte</snip><snip> hjelpe flytte konsert Troms&#248;</snip><snip> regning hel arrangement fortsatt si Olsen</snip><snip> Vi burde heller gi million krone uavkortet hiv/aids-sake</snip><snip> penge trenge legge Olsen</snip>
        </ArticleText>
        <FrontPageHeading>
            <snip> Vil flyte Mandela-konsert Troms&#248;</snip>
        </FrontPageHeading>
        <ArticleHeading>
            <snip> ville flytte Mandela-konsert Troms&#248;</snip>
        </ArticleHeading>
        <ArticleIntroduction>
            <snip> beholde rest arrangement Troms&#248;</snip>
        </ArticleIntroduction>
        <ArticleByline>
            <snip> flytte</snip><snip> Mandelakonserten foresl&#229; flytte Troms&#248; slik skulle kollidere Buktafestivalen Riddu Riddu</snip>
        </ArticleByline>
        <FrontPageIntroduction>
            <snip> beholde rest arrangement Troms&#248;</snip>
        </FrontPageIntroduction>
    </snippet>
    <snippet id="2009-12-13-vg-01" source="http://www.vg.no/nyheter/utenriks/artikkel.php?artid=599082" tags="Utenriks-politikk-berlusconi-angrep-italia">
        <ArticleText>
            <snip> skulle flott dag statsminister Silvio Berlusconi</snip><snip> m&#248;te politisk m&#248;te Milano la hylle</snip><snip> ende kraftig forsl&#229;tt frakte sykehus angripe mann</snip><snip> overfall Silvio Berlusconi terrorhandling si Berlusconis alliere Umberto Bossi partiformann Legia Nord</snip><snip> VGTV</snip><snip> skje angrep Berlusconi Dramatiske bilde italiensk TV vise hvordan Berlusconi bl&#248; munn frakte massiv presseoppbud slep</snip><snip> fors&#248;ke g&#229; bil snakke journalist klare si ord</snip><snip> kraftig kute leppe blod rane slag</snip><snip> blodig</snip><snip> se bilde Berlusconi</snip><snip> artikkel fortsette</snip><snip> lynsjestemning</snip><snip> Den dramatisk begivenhet skje torgm&#248;te Milano Berlusconi g&#229; angrep mange politisk fiende</snip><snip> angriper st&#229; paralysere kaste miniatyrfigur</snip><snip> folk samle rope drittsekk drittsekk melde Republica be politi skynde fjerne angriper risikere lynsje si forsvarsminister Ignazio La Russa italiensk avis</snip><snip> Berlusconi n&#229; sykehus m&#229;tte time observasjon</snip><snip> skulle bevisst ispose dempe smerte</snip><snip> miste tann &#248;delegge</snip><snip> miste del blod si leg sykehus San Raffaele Sky New</snip><snip> dramatisk video</snip><snip> se video forsl&#229;tt Silvio Berlusconi Angriperen skulle Massimo Tartaglia</snip><snip> skulle kjenning politi heller kjenne politisk aktivist mann skulle tidlig behandling psykisk lidelse</snip><snip> gjenstand kaste trolig miniatyr katedral Milano</snip><snip> klar miniatyr lage</snip><snip> mann middelbar p&#229;gripe politi</snip><snip> trist hatkampanje</snip><snip> gj&#248;re &#248;nske s&#229; splid</snip><snip> nesten forvente skulle Berlusconi si bes&#248;ke sykehus</snip><snip> fortsatt gi si Berlusconi La Stampa</snip><snip> g&#229; bakke</snip><snip> Angrepet skje Berlusconi skulle signere autograf tale holde mange tusen tilhenger</snip><snip> g&#229; bakke gjenstand kaste</snip><snip> BBC m&#229;tte ligge observasjon time</snip><snip> bra bra bekymre skulle Berlusconi si lege angrep melde Sky New</snip><snip> artikkel fortsette</snip><snip> p&#229;gripe</snip><snip> Berlusconi forlate m&#248;te blod renne munnvik kj&#248;re sykehus blod piple munn</snip><snip> deretter hast frakte bil melde BBC heller f&#248;rste gang Berlusconi utsette hard angrep</snip><snip> g&#229; bakke spasertur Roma</snip><snip> da angripe fotostativ</snip><snip> le ogs&#229;</snip><snip> Berlusconi snikfilme statsminister TV-kanal Artikkelen fortsette</snip><snip> frakte</snip><snip> Hans assistent hjelpe frakte rask vente bil</snip><snip> angrep skje Berlusconi holde lang engasjere tale konservativ st&#248;ttespiller</snip><snip> italiensk statsminister n&#229; hard v&#230;r skandalebeskyldning t&#248;ff runde rettssal m&#229;tte svare korrupsjonsanklage</snip><snip> fremstille monster mene</snip><snip> se bra ogs&#229; redelig fyr si Berlusconi ung mann g&#229; angrep statsminister</snip><snip> h&#229;ndgemeng</snip><snip> P&#229; begynnelse m&#248;te pipe rope br&#229;kmaker italiensk statsminister</snip><snip> slutt m&#229;tte politi gripe komme h&#229;ndgemeng Berlusconi-motstander statsminister vakt</snip><snip> p&#248;bel kalle klovn Berlusconi reagere</snip><snip> skamme rope lyd skrue overd&#248;ve protest</snip><snip> italiensk president s&#229; angripe slutt m&#248;te arrang&#248;r f&#248;rst klare overd&#248;ve buekorps h&#248;ytaleranlegg</snip><snip> anklage</snip><snip> Berlusconi sist tid hard politisk press</snip><snip> m&#229;tte m&#248;te rett tiltale mafiaforbindelse</snip><snip> Berlusconi n&#229; anklage ulik sake</snip><snip> handel skattesvindel underslag forbindelse salg TV-rettighet hvor Berlusconi-selskap Mediaset skulle betale overpris utenlandsk Berlusconi-kontrollere selskap</snip><snip> dreie betaling dollar bestikkelse britisk advokat David Mills</snip><snip> penge skulle betaling Mills skulle tie ulovlighet beg&#229; Mediaset</snip><snip> statsminister ogs&#229; innblande sak hvor senator parti fors&#248;ke bestikke skifte side Berlusconi opposisjon</snip><snip> kilde</snip><snip> sky New ANSA Reuters BBC NTB</snip>
        </ArticleText>
        <FrontPageHeading>
            <snip> Silvio Berlusconi angrep tale</snip>
        </FrontPageHeading>
        <ArticleHeading>
            <snip> VG Nett f&#248;lge</snip><snip> Her Berlusconi angripe</snip><snip> Minikatedral v&#229;pen</snip>
        </ArticleHeading>
        <ArticleIntroduction>
            <snip> VG Nett Dramatiske tv-bilde vise Italia statsminister Silvio Berlusconi blodig forsl&#229;tt</snip>
        </ArticleIntroduction>
        <ArticleByline>
            <snip> angripe</snip><snip> treffes Italia statsminister Silvio Berlusconi ansikt Minikatedral</snip><snip> foto EPA</snip>
        </ArticleByline>
        <FrontPageIntroduction>
            <snip> Sl&#229;tt ansikt</snip><snip> le hel sake</snip>
        </FrontPageIntroduction>
    </snippet>
</snippetcollection>
